{
    "name": "painlessMesh",
    "keywords": "ethernet, m2m, iot",
    "description": "A painless way to setup a mesh",
    "repository": {
        "type": "git",
        "url": "https://gitlab.com/BlackEdder/painlessMesh"
    },
    "version": "0.5.0",
    "frameworks": "arduino",
    "platforms": [
        "espressif8266"
    ],
    "dependencies": [
        { "name": "ArduinoJson" }
    ],
    "authors": [
        { "name": "Scotty Franzyshen" }, 
        { 
            "name": "Coopdis",
            "url": "https://github.com/Coopdis"
        }, 
        { "name": "Edwin van Leeuwen" },
        { "name": "Germán Martín" }
    ]
}
